filename,text_file,word_count,char_count,category
section-3.pdf,/Users/birajgtm/Documents/GBC/AI/DL1/AskGeorge/clean_text/section-3.txt,251,1744,Unknown
introduction%20and%20faqs.pdf,/Users/birajgtm/Documents/GBC/AI/DL1/AskGeorge/clean_text/introduction%20and%20faqs.txt,744,4993,Unknown
Leadership-Award-Nomination-Form-2023-AODA.pdf,/Users/birajgtm/Documents/GBC/AI/DL1/AskGeorge/clean_text/Leadership-Award-Nomination-Form-2023-AODA.txt,417,3094,Unknown
floor_1_193_king_st_e.pdf,/Users/birajgtm/Documents/GBC/AI/DL1/AskGeorge/clean_text/floor_1_193_king_st_e.txt,13,92,Unknown
bomb_threat_form.pdf,/Users/birajgtm/Documents/GBC/AI/DL1/AskGeorge/clean_text/bomb_threat_form.txt,147,1840,Unknown
Revising%20and%20Proofreading%20-%20Reference.pdf,/Users/birajgtm/Documents/GBC/AI/DL1/AskGeorge/clean_text/Revising%20and%20Proofreading%20-%20Reference.txt,925,5096,Unknown
Assessment%20Request%20to%20Write%20Off-Site.pdf,/Users/birajgtm/Documents/GBC/AI/DL1/AskGeorge/clean_text/Assessment%20Request%20to%20Write%20Off-Site.txt,219,1360,Unknown
non-academic_policies_and_complaint_resolution.pdf,/Users/birajgtm/Documents/GBC/AI/DL1/AskGeorge/clean_text/non-academic_policies_and_complaint_resolution.txt,1725,11149,Unknown
handling-incidents-of-expressed-bias-and-discrimination-policy.pdf,/Users/birajgtm/Documents/GBC/AI/DL1/AskGeorge/clean_text/handling-incidents-of-expressed-bias-and-discrimination-policy.txt,1096,7150,Unknown
GBC-Strategy2026v43.pdf,/Users/birajgtm/Documents/GBC/AI/DL1/AskGeorge/clean_text/GBC-Strategy2026v43.txt,8319,58634,Unknown
UserGuide_Flywire.pdf,/Users/birajgtm/Documents/GBC/AI/DL1/AskGeorge/clean_text/UserGuide_Flywire.txt,898,5317,Unknown
ad.pdf,/Users/birajgtm/Documents/GBC/AI/DL1/AskGeorge/clean_text/ad.txt,1217,8256,Unknown
expression-of-educational-concerns-and-complaints-policy.pdf,/Users/birajgtm/Documents/GBC/AI/DL1/AskGeorge/clean_text/expression-of-educational-concerns-and-complaints-policy.txt,2762,23576,Unknown
grading_scheme_june8_2022.pdf,/Users/birajgtm/Documents/GBC/AI/DL1/AskGeorge/clean_text/grading_scheme_june8_2022.txt,619,3696,Unknown
Proofreading%20for%20sentence%20structure%20-%20Ref%20-%20Prac.pdf,/Users/birajgtm/Documents/GBC/AI/DL1/AskGeorge/clean_text/Proofreading%20for%20sentence%20structure%20-%20Ref%20-%20Prac.txt,755,4375,Unknown
25_Layal_Upskilling_NP_GBC-FinalforPrint-AODA.pdf,/Users/birajgtm/Documents/GBC/AI/DL1/AskGeorge/clean_text/25_Layal_Upskilling_NP_GBC-FinalforPrint-AODA.txt,1082,7331,Unknown
Topic%20Sentences-Practice.pdf,/Users/birajgtm/Documents/GBC/AI/DL1/AskGeorge/clean_text/Topic%20Sentences-Practice.txt,597,3585,Unknown
Apothecary%20Household%20and%20Metric%20Systems%20of%20Measurement.pdf,/Users/birajgtm/Documents/GBC/AI/DL1/AskGeorge/clean_text/Apothecary%20Household%20and%20Metric%20Systems%20of%20Measurement.txt,1226,6172,Unknown
brief_student_mobility_sept2011.pdf,/Users/birajgtm/Documents/GBC/AI/DL1/AskGeorge/clean_text/brief_student_mobility_sept2011.txt,892,6117,Unknown
gbcstudentemail.pdf,/Users/birajgtm/Documents/GBC/AI/DL1/AskGeorge/clean_text/gbcstudentemail.txt,815,5495,Unknown
george_brown_annual_report_2013-2014.pdf,/Users/birajgtm/Documents/GBC/AI/DL1/AskGeorge/clean_text/george_brown_annual_report_2013-2014.txt,4677,30771,Unknown
danforth-summer-swac-newsletter-2016.pdf,/Users/birajgtm/Documents/GBC/AI/DL1/AskGeorge/clean_text/danforth-summer-swac-newsletter-2016.txt,250,1620,Unknown
section-2.pdf,/Users/birajgtm/Documents/GBC/AI/DL1/AskGeorge/clean_text/section-2.txt,199,1343,Unknown
Proofreading%20Articles.pdf,/Users/birajgtm/Documents/GBC/AI/DL1/AskGeorge/clean_text/Proofreading%20Articles.txt,660,4088,Unknown
assessment-of-student-learning-policy.pdf,/Users/birajgtm/Documents/GBC/AI/DL1/AskGeorge/clean_text/assessment-of-student-learning-policy.txt,2201,15957,Unknown
george_brown_college_foundation_fs_2013.pdf,/Users/birajgtm/Documents/GBC/AI/DL1/AskGeorge/clean_text/george_brown_college_foundation_fs_2013.txt,3765,25758,Unknown
Emerging-Researcher-Award-Nomination-Form-2023-AODA_0.pdf,/Users/birajgtm/Documents/GBC/AI/DL1/AskGeorge/clean_text/Emerging-Researcher-Award-Nomination-Form-2023-AODA_0.txt,437,3346,Unknown
llc.pdf,/Users/birajgtm/Documents/GBC/AI/DL1/AskGeorge/clean_text/llc.txt,2326,14857,Unknown
Outline%20Template%20-%20Compare%20and%20Contrast%20Block%20Essay.pdf,/Users/birajgtm/Documents/GBC/AI/DL1/AskGeorge/clean_text/Outline%20Template%20-%20Compare%20and%20Contrast%20Block%20Essay.txt,184,1662,Unknown
photo-policy.pdf,/Users/birajgtm/Documents/GBC/AI/DL1/AskGeorge/clean_text/photo-policy.txt,142,887,Unknown
minutes_for_december_04_2013.pdf,/Users/birajgtm/Documents/GBC/AI/DL1/AskGeorge/clean_text/minutes_for_december_04_2013.txt,2341,14859,Unknown
more-than-you-expect.pdf,/Users/birajgtm/Documents/GBC/AI/DL1/AskGeorge/clean_text/more-than-you-expect.txt,3163,25440,Unknown
2014-summer.pdf,/Users/birajgtm/Documents/GBC/AI/DL1/AskGeorge/clean_text/2014-summer.txt,401,2528,Unknown
international_travel_policy_for_students.pdf,/Users/birajgtm/Documents/GBC/AI/DL1/AskGeorge/clean_text/international_travel_policy_for_students.txt,2191,14981,Unknown
bog_public_minutes_16dec14.pdf,/Users/birajgtm/Documents/GBC/AI/DL1/AskGeorge/clean_text/bog_public_minutes_16dec14.txt,1937,12391,Unknown
annual-financial-statement-2007-2008.pdf,/Users/birajgtm/Documents/GBC/AI/DL1/AskGeorge/clean_text/annual-financial-statement-2007-2008.txt,5142,35226,Unknown
health-policies.pdf,/Users/birajgtm/Documents/GBC/AI/DL1/AskGeorge/clean_text/health-policies.txt,799,4795,Unknown
Black%20Lives%20Matter%20-%20A%20Booklist_0.pdf,/Users/birajgtm/Documents/GBC/AI/DL1/AskGeorge/clean_text/Black%20Lives%20Matter%20-%20A%20Booklist_0.txt,239,1279,Unknown
Adding_and_Subtracting_Proper_Fractions.pdf,/Users/birajgtm/Documents/GBC/AI/DL1/AskGeorge/clean_text/Adding_and_Subtracting_Proper_Fractions.txt,1518,6975,Unknown
Thesis%20Statements%20and%20Topic%20Sentences%20Reference.pdf,/Users/birajgtm/Documents/GBC/AI/DL1/AskGeorge/clean_text/Thesis%20Statements%20and%20Topic%20Sentences%20Reference.txt,635,3731,Unknown
labour-fair-2020-fact-sheet.pdf,/Users/birajgtm/Documents/GBC/AI/DL1/AskGeorge/clean_text/labour-fair-2020-fact-sheet.txt,1016,6227,Unknown
Commas%20-%20reference.pdf,/Users/birajgtm/Documents/GBC/AI/DL1/AskGeorge/clean_text/Commas%20-%20reference.txt,485,2932,Unknown
promotion-progression-policy.pdf,/Users/birajgtm/Documents/GBC/AI/DL1/AskGeorge/clean_text/promotion-progression-policy.txt,2964,21365,Unknown
me.pdf,/Users/birajgtm/Documents/GBC/AI/DL1/AskGeorge/clean_text/me.txt,937,6069,Unknown
gbc-aoda-accessibility-policy.pdf,/Users/birajgtm/Documents/GBC/AI/DL1/AskGeorge/clean_text/gbc-aoda-accessibility-policy.txt,10349,69836,Unknown
IV%20Administration%20Calculations.pdf,/Users/birajgtm/Documents/GBC/AI/DL1/AskGeorge/clean_text/IV%20Administration%20Calculations.txt,387,2291,Unknown
intellectual_property_policy.pdf,/Users/birajgtm/Documents/GBC/AI/DL1/AskGeorge/clean_text/intellectual_property_policy.txt,3647,24414,Unknown
Foundation%20Statement%20of%20financial%20position%20as%20of%20March%2031%2C%202017.pdf,/Users/birajgtm/Documents/GBC/AI/DL1/AskGeorge/clean_text/Foundation%20Statement%20of%20financial%20position%20as%20of%20March%2031%2C%202017.txt,3723,25440,Unknown
section-1.pdf,/Users/birajgtm/Documents/GBC/AI/DL1/AskGeorge/clean_text/section-1.txt,228,1634,Unknown
audited-financial-statement-2013-2014.pdf,/Users/birajgtm/Documents/GBC/AI/DL1/AskGeorge/clean_text/audited-financial-statement-2013-2014.txt,8085,53254,Unknown
bog_public_minutes_16feb10.pdf,/Users/birajgtm/Documents/GBC/AI/DL1/AskGeorge/clean_text/bog_public_minutes_16feb10.txt,902,5452,Unknown
annual-financial-statement-2009-2010.pdf,/Users/birajgtm/Documents/GBC/AI/DL1/AskGeorge/clean_text/annual-financial-statement-2009-2010.txt,5451,37131,Unknown
bog_public_minutes_october10_2018.pdf,/Users/birajgtm/Documents/GBC/AI/DL1/AskGeorge/clean_text/bog_public_minutes_october10_2018.txt,1165,7392,Unknown
section-5.pdf,/Users/birajgtm/Documents/GBC/AI/DL1/AskGeorge/clean_text/section-5.txt,222,1450,Unknown
credit-card-authorization-form.pdf,/Users/birajgtm/Documents/GBC/AI/DL1/AskGeorge/clean_text/credit-card-authorization-form.txt,205,1425,Unknown
george_brown_annual_report_2012-2013.pdf,/Users/birajgtm/Documents/GBC/AI/DL1/AskGeorge/clean_text/george_brown_annual_report_2012-2013.txt,4932,31883,Unknown
retention%20chart%20%28version%202%29.pdf,/Users/birajgtm/Documents/GBC/AI/DL1/AskGeorge/clean_text/retention%20chart%20%28version%202%29.txt,17540,118372,Unknown
Dealing%20with%20Math%20Anxiety.pdf,/Users/birajgtm/Documents/GBC/AI/DL1/AskGeorge/clean_text/Dealing%20with%20Math%20Anxiety.txt,798,4825,Unknown
lr.pdf,/Users/birajgtm/Documents/GBC/AI/DL1/AskGeorge/clean_text/lr.txt,1962,12933,Unknown
t4a_guide_Sep2023.pdf,/Users/birajgtm/Documents/GBC/AI/DL1/AskGeorge/clean_text/t4a_guide_Sep2023.txt,451,2781,Unknown
annual_reb_report_2009.pdf,/Users/birajgtm/Documents/GBC/AI/DL1/AskGeorge/clean_text/annual_reb_report_2009.txt,2449,16113,Unknown
direct_borrower_agreement.pdf,/Users/birajgtm/Documents/GBC/AI/DL1/AskGeorge/clean_text/direct_borrower_agreement.txt,359,2317,Unknown
2010-11-annual-financial-statement.pdf,/Users/birajgtm/Documents/GBC/AI/DL1/AskGeorge/clean_text/2010-11-annual-financial-statement.txt,5609,39072,Unknown
bog-public-minutes_apr-09-14.pdf,/Users/birajgtm/Documents/GBC/AI/DL1/AskGeorge/clean_text/bog-public-minutes_apr-09-14.txt,1645,10331,Unknown
george_brown_college_aoda_policy.pdf,/Users/birajgtm/Documents/GBC/AI/DL1/AskGeorge/clean_text/george_brown_college_aoda_policy.txt,10342,69864,Unknown
Backflow-Registration-Letter-and-Map.pdf,/Users/birajgtm/Documents/GBC/AI/DL1/AskGeorge/clean_text/Backflow-Registration-Letter-and-Map.txt,359,1638,Unknown
bog_public_minutes_15june3.pdf,/Users/birajgtm/Documents/GBC/AI/DL1/AskGeorge/clean_text/bog_public_minutes_15june3.txt,2377,15033,Unknown
annual_reb_report_2008.pdf,/Users/birajgtm/Documents/GBC/AI/DL1/AskGeorge/clean_text/annual_reb_report_2008.txt,2216,14575,Unknown
bog_public_minutes_june6-2018.pdf,/Users/birajgtm/Documents/GBC/AI/DL1/AskGeorge/clean_text/bog_public_minutes_june6-2018.txt,2335,14753,Unknown
Coterminal%20angles.pdf,/Users/birajgtm/Documents/GBC/AI/DL1/AskGeorge/clean_text/Coterminal%20angles.txt,336,1776,Unknown
GBC%20HTF%20Progress%20Oct%202023%20v3%20AODA.pdf,/Users/birajgtm/Documents/GBC/AI/DL1/AskGeorge/clean_text/GBC%20HTF%20Progress%20Oct%202023%20v3%20AODA.txt,3155,20134,Unknown
GBC%20Fast%20Facts%202023-24%20AODA.pdf,/Users/birajgtm/Documents/GBC/AI/DL1/AskGeorge/clean_text/GBC%20Fast%20Facts%202023-24%20AODA.txt,882,6536,Unknown
annual-report-research-ethics-bureau-2014.pdf,/Users/birajgtm/Documents/GBC/AI/DL1/AskGeorge/clean_text/annual-report-research-ethics-bureau-2014.txt,2281,15778,Unknown
minutes_for_april_10_2013.pdf,/Users/birajgtm/Documents/GBC/AI/DL1/AskGeorge/clean_text/minutes_for_april_10_2013.txt,2631,16286,Unknown
What_Transfer_Credits.pdf,/Users/birajgtm/Documents/GBC/AI/DL1/AskGeorge/clean_text/What_Transfer_Credits.txt,942,5830,Unknown
Review%20of%20GBC%20truth%20and%20reconciliation%20and%20anti-racism%20and%20diversity%202019-10-08.pdf,/Users/birajgtm/Documents/GBC/AI/DL1/AskGeorge/clean_text/Review%20of%20GBC%20truth%20and%20reconciliation%20and%20anti-racism%20and%20diversity%202019-10-08.txt,63123,426971,Unknown
floor_6_341_king_st_e.pdf,/Users/birajgtm/Documents/GBC/AI/DL1/AskGeorge/clean_text/floor_6_341_king_st_e.txt,0,1,Unknown
george_brown_college_strategic_mandate_agreement_2017-2020.pdf,/Users/birajgtm/Documents/GBC/AI/DL1/AskGeorge/clean_text/george_brown_college_strategic_mandate_agreement_2017-2020.txt,12944,90887,Unknown
section-4.pdf,/Users/birajgtm/Documents/GBC/AI/DL1/AskGeorge/clean_text/section-4.txt,513,3394,Unknown
Applications%20of%20Derivatives.pdf,/Users/birajgtm/Documents/GBC/AI/DL1/AskGeorge/clean_text/Applications%20of%20Derivatives.txt,1192,6536,Unknown
code-of-conduct-conflict-resolution-policy.pdf,/Users/birajgtm/Documents/GBC/AI/DL1/AskGeorge/clean_text/code-of-conduct-conflict-resolution-policy.txt,699,4512,Unknown
george-brown-college-annual-report-2015-2016.pdf,/Users/birajgtm/Documents/GBC/AI/DL1/AskGeorge/clean_text/george-brown-college-annual-report-2015-2016.txt,1793,12060,Unknown
NewTransferCreditGuide.pdf,/Users/birajgtm/Documents/GBC/AI/DL1/AskGeorge/clean_text/NewTransferCreditGuide.txt,5343,37918,Unknown
school-of-design-investment-brochure.pdf,/Users/birajgtm/Documents/GBC/AI/DL1/AskGeorge/clean_text/school-of-design-investment-brochure.txt,2952,18159,Unknown
section-6.pdf,/Users/birajgtm/Documents/GBC/AI/DL1/AskGeorge/clean_text/section-6.txt,95,534,Unknown
sanitary-and-infection-control-policy.pdf,/Users/birajgtm/Documents/GBC/AI/DL1/AskGeorge/clean_text/sanitary-and-infection-control-policy.txt,3145,19763,Unknown
10_tips_when_working_with_tutees_with_disabilities_and_mental_illness.pdf,/Users/birajgtm/Documents/GBC/AI/DL1/AskGeorge/clean_text/10_tips_when_working_with_tutees_with_disabilities_and_mental_illness.txt,1232,7289,Unknown
Distinguished-Researcher-Award-Nomination-Form-2023-AODA.pdf,/Users/birajgtm/Documents/GBC/AI/DL1/AskGeorge/clean_text/Distinguished-Researcher-Award-Nomination-Form-2023-AODA.txt,440,3415,Unknown
conflict_of_interest_in_research.pdf,/Users/birajgtm/Documents/GBC/AI/DL1/AskGeorge/clean_text/conflict_of_interest_in_research.txt,1065,6787,Unknown
Proofreading%20for%20verbs%20-%20reference.pdf,/Users/birajgtm/Documents/GBC/AI/DL1/AskGeorge/clean_text/Proofreading%20for%20verbs%20-%20reference.txt,611,3511,Unknown
aa.pdf,/Users/birajgtm/Documents/GBC/AI/DL1/AskGeorge/clean_text/aa.txt,1063,7345,Unknown
george-brown-college-aoda-iasr-workplace-accommodation-policy.pdf,/Users/birajgtm/Documents/GBC/AI/DL1/AskGeorge/clean_text/george-brown-college-aoda-iasr-workplace-accommodation-policy.txt,4252,31223,Unknown
bog_public_minutes_17oct4.pdf,/Users/birajgtm/Documents/GBC/AI/DL1/AskGeorge/clean_text/bog_public_minutes_17oct4.txt,1416,8811,Unknown
Preparation%20Guide%20for%20Accuplacer%20Next%20Generation%20Arithmetic%20-%20May%202020.pdf,/Users/birajgtm/Documents/GBC/AI/DL1/AskGeorge/clean_text/Preparation%20Guide%20for%20Accuplacer%20Next%20Generation%20Arithmetic%20-%20May%202020.txt,6759,41494,Unknown
Count%20Non-count%20-%20reference.pdf,/Users/birajgtm/Documents/GBC/AI/DL1/AskGeorge/clean_text/Count%20Non-count%20-%20reference.txt,314,2065,Unknown
accessible-learning-services-for-dual-credit-students.pdf,/Users/birajgtm/Documents/GBC/AI/DL1/AskGeorge/clean_text/accessible-learning-services-for-dual-credit-students.txt,329,2313,Unknown
george-brown-college-strategic-mandate-agreement-annual-report-2017-2018.pdf,/Users/birajgtm/Documents/GBC/AI/DL1/AskGeorge/clean_text/george-brown-college-strategic-mandate-agreement-annual-report-2017-2018.txt,5267,36583,Unknown
george-brown-college-2018-2019-business-plan.pdf,/Users/birajgtm/Documents/GBC/AI/DL1/AskGeorge/clean_text/george-brown-college-2018-2019-business-plan.txt,3579,24333,Unknown
How%20to%20Create%20Hanging%20Indents.pdf,/Users/birajgtm/Documents/GBC/AI/DL1/AskGeorge/clean_text/How%20to%20Create%20Hanging%20Indents.txt,326,1935,Unknown
minutes_for_december_12_2012.pdf,/Users/birajgtm/Documents/GBC/AI/DL1/AskGeorge/clean_text/minutes_for_december_12_2012.txt,1537,9876,Unknown
online-partner-intake-form.pdf,/Users/birajgtm/Documents/GBC/AI/DL1/AskGeorge/clean_text/online-partner-intake-form.txt,337,2312,Unknown
checklists-for-word-and-pdf.pdf,/Users/birajgtm/Documents/GBC/AI/DL1/AskGeorge/clean_text/checklists-for-word-and-pdf.txt,2285,13208,Unknown
Spelling.pdf,/Users/birajgtm/Documents/GBC/AI/DL1/AskGeorge/clean_text/Spelling.txt,723,4356,Unknown
Parallelism.pdf,/Users/birajgtm/Documents/GBC/AI/DL1/AskGeorge/clean_text/Parallelism.txt,719,3976,Unknown
floor_3_341_king_st_e.pdf,/Users/birajgtm/Documents/GBC/AI/DL1/AskGeorge/clean_text/floor_3_341_king_st_e.txt,0,0,Unknown
purchasing_guidelines_for_furniture_fixtures_equipment.pdf,/Users/birajgtm/Documents/GBC/AI/DL1/AskGeorge/clean_text/purchasing_guidelines_for_furniture_fixtures_equipment.txt,625,4310,Unknown
TLC_Student_Referral_Form_for_Faculty_-_Mathematics.pdf,/Users/birajgtm/Documents/GBC/AI/DL1/AskGeorge/clean_text/TLC_Student_Referral_Form_for_Faculty_-_Mathematics.txt,287,2075,Unknown
george-brown-college-financial-statement-2016-2017.pdf,/Users/birajgtm/Documents/GBC/AI/DL1/AskGeorge/clean_text/george-brown-college-financial-statement-2016-2017.txt,8776,56436,Unknown
section-7.pdf,/Users/birajgtm/Documents/GBC/AI/DL1/AskGeorge/clean_text/section-7.txt,155,980,Unknown
registr-form-staff-and-outside.pdf,/Users/birajgtm/Documents/GBC/AI/DL1/AskGeorge/clean_text/registr-form-staff-and-outside.txt,219,1395,Unknown
fees-policy.pdf,/Users/birajgtm/Documents/GBC/AI/DL1/AskGeorge/clean_text/fees-policy.txt,585,3350,Unknown
wf6.pdf,/Users/birajgtm/Documents/GBC/AI/DL1/AskGeorge/clean_text/wf6.txt,0,0,Unknown
Phrasal%20Verbs%20-%20Practice.pdf,/Users/birajgtm/Documents/GBC/AI/DL1/AskGeorge/clean_text/Phrasal%20Verbs%20-%20Practice.txt,562,2956,Unknown
floor_3_193_king_st_e.pdf,/Users/birajgtm/Documents/GBC/AI/DL1/AskGeorge/clean_text/floor_3_193_king_st_e.txt,24,152,Unknown
accessibility-report-summary.pdf,/Users/birajgtm/Documents/GBC/AI/DL1/AskGeorge/clean_text/accessibility-report-summary.txt,0,0,Unknown
george-brown-college-2017-2018-business-plan.pdf,/Users/birajgtm/Documents/GBC/AI/DL1/AskGeorge/clean_text/george-brown-college-2017-2018-business-plan.txt,4070,28029,Unknown
Adding_and_Subtracting_Mixed_Fractions_and_Improper_Fractions.pdf,/Users/birajgtm/Documents/GBC/AI/DL1/AskGeorge/clean_text/Adding_and_Subtracting_Mixed_Fractions_and_Improper_Fractions.txt,1791,8536,Unknown
george-brown-college-myaa-report-back-2007-08-final-mtcu.pdf,/Users/birajgtm/Documents/GBC/AI/DL1/AskGeorge/clean_text/george-brown-college-myaa-report-back-2007-08-final-mtcu.txt,3181,21621,Unknown
bike-map-st-james-campus.pdf,/Users/birajgtm/Documents/GBC/AI/DL1/AskGeorge/clean_text/bike-map-st-james-campus.txt,64,387,Unknown
Outline%20Template%20-%20Compare%20and%20Contrast%20Point-point%20Essay.pdf,/Users/birajgtm/Documents/GBC/AI/DL1/AskGeorge/clean_text/Outline%20Template%20-%20Compare%20and%20Contrast%20Point-point%20Essay.txt,204,2309,Unknown
Guide_Submitting_Transfer_Credit_Application.pdf,/Users/birajgtm/Documents/GBC/AI/DL1/AskGeorge/clean_text/Guide_Submitting_Transfer_Credit_Application.txt,1763,10791,Unknown
bog_public_minutes_16june8.pdf,/Users/birajgtm/Documents/GBC/AI/DL1/AskGeorge/clean_text/bog_public_minutes_16june8.txt,2214,14204,Unknown
Converting_Between_Fractions_and_Decimals.pdf,/Users/birajgtm/Documents/GBC/AI/DL1/AskGeorge/clean_text/Converting_Between_Fractions_and_Decimals.txt,817,3918,Unknown
RYERSON%20Floor%20Plan.pdf,/Users/birajgtm/Documents/GBC/AI/DL1/AskGeorge/clean_text/RYERSON%20Floor%20Plan.txt,104,720,Unknown
George%20Brown%20College%20Anti-racism%20Committee%20Terms%20of%20Reference%20June%2022%202020%5B8%5D.pdf,/Users/birajgtm/Documents/GBC/AI/DL1/AskGeorge/clean_text/George%20Brown%20College%20Anti-racism%20Committee%20Terms%20of%20Reference%20June%2022%202020%5B8%5D.txt,1338,9067,Unknown
Divisibility%20Rules.pdf,/Users/birajgtm/Documents/GBC/AI/DL1/AskGeorge/clean_text/Divisibility%20Rules.txt,604,3080,Unknown
ALS%20Manual_Final_Document1.pdf,/Users/birajgtm/Documents/GBC/AI/DL1/AskGeorge/clean_text/ALS%20Manual_Final_Document1.txt,17133,122887,Unknown
energy-consumption-2011.pdf,/Users/birajgtm/Documents/GBC/AI/DL1/AskGeorge/clean_text/energy-consumption-2011.txt,131,1141,Unknown
sjb-sjc.pdf,/Users/birajgtm/Documents/GBC/AI/DL1/AskGeorge/clean_text/sjb-sjc.txt,18,116,Unknown
Break%20Even%20Point%20Analysis.pdf,/Users/birajgtm/Documents/GBC/AI/DL1/AskGeorge/clean_text/Break%20Even%20Point%20Analysis.txt,679,3740,Unknown
statement-of-foundation-financial-position-as-of-march-31-2015.pdf,/Users/birajgtm/Documents/GBC/AI/DL1/AskGeorge/clean_text/statement-of-foundation-financial-position-as-of-march-31-2015.txt,3631,24931,Unknown
Common%20Medical%20Abbreviations.pdf,/Users/birajgtm/Documents/GBC/AI/DL1/AskGeorge/clean_text/Common%20Medical%20Abbreviations.txt,273,1666,Unknown
Articles%20-%20Practice%201.pdf,/Users/birajgtm/Documents/GBC/AI/DL1/AskGeorge/clean_text/Articles%20-%20Practice%201.txt,703,3763,Unknown
complaints_regarding_advertizing.pdf,/Users/birajgtm/Documents/GBC/AI/DL1/AskGeorge/clean_text/complaints_regarding_advertizing.txt,658,4575,Unknown
wf7.pdf,/Users/birajgtm/Documents/GBC/AI/DL1/AskGeorge/clean_text/wf7.txt,0,0,Unknown
ssw_pathways_to_bsw_and_msw.pdf,/Users/birajgtm/Documents/GBC/AI/DL1/AskGeorge/clean_text/ssw_pathways_to_bsw_and_msw.txt,981,6491,Unknown
PMT_Payments_Guide.pdf,/Users/birajgtm/Documents/GBC/AI/DL1/AskGeorge/clean_text/PMT_Payments_Guide.txt,1168,8122,Unknown
floor_5_341_king_st_e.pdf,/Users/birajgtm/Documents/GBC/AI/DL1/AskGeorge/clean_text/floor_5_341_king_st_e.txt,0,0,Unknown
wf5.pdf,/Users/birajgtm/Documents/GBC/AI/DL1/AskGeorge/clean_text/wf5.txt,0,0,Unknown
Significant%20Digits.pdf,/Users/birajgtm/Documents/GBC/AI/DL1/AskGeorge/clean_text/Significant%20Digits.txt,762,4487,Unknown
Articles%20-%20Practice%203.pdf,/Users/birajgtm/Documents/GBC/AI/DL1/AskGeorge/clean_text/Articles%20-%20Practice%203.txt,451,2388,Unknown
george_brown_annual_report_2007-2008.pdf,/Users/birajgtm/Documents/GBC/AI/DL1/AskGeorge/clean_text/george_brown_annual_report_2007-2008.txt,3633,24204,Unknown
gbc-philosophy.pdf,/Users/birajgtm/Documents/GBC/AI/DL1/AskGeorge/clean_text/gbc-philosophy.txt,1202,8017,Unknown
WEB-images-wf-map.pdf,/Users/birajgtm/Documents/GBC/AI/DL1/AskGeorge/clean_text/WEB-images-wf-map.txt,0,0,Unknown
energy-consumption-2013.pdf,/Users/birajgtm/Documents/GBC/AI/DL1/AskGeorge/clean_text/energy-consumption-2013.txt,150,1313,Unknown
sa.pdf,/Users/birajgtm/Documents/GBC/AI/DL1/AskGeorge/clean_text/sa.txt,1620,11043,Unknown
Outline%20for%20Basic%20Paragraph.pdf,/Users/birajgtm/Documents/GBC/AI/DL1/AskGeorge/clean_text/Outline%20for%20Basic%20Paragraph.txt,90,1681,Unknown
bog-public-minutes_february-12-2014.pdf,/Users/birajgtm/Documents/GBC/AI/DL1/AskGeorge/clean_text/bog-public-minutes_february-12-2014.txt,1737,11244,Unknown
george_brown_college_strategic_mandate_agreement.pdf,/Users/birajgtm/Documents/GBC/AI/DL1/AskGeorge/clean_text/george_brown_college_strategic_mandate_agreement.txt,3061,21551,Unknown
Assessment_of_Student_Learning__Policy_2.pdf,/Users/birajgtm/Documents/GBC/AI/DL1/AskGeorge/clean_text/Assessment_of_Student_Learning__Policy_2.txt,2202,16153,Unknown
Reported%20Speech.pdf,/Users/birajgtm/Documents/GBC/AI/DL1/AskGeorge/clean_text/Reported%20Speech.txt,694,4571,Unknown
plan-2019-2022.pdf,/Users/birajgtm/Documents/GBC/AI/DL1/AskGeorge/clean_text/plan-2019-2022.txt,2580,19056,Unknown
emergency-response-policy-for-lockdown.pdf,/Users/birajgtm/Documents/GBC/AI/DL1/AskGeorge/clean_text/emergency-response-policy-for-lockdown.txt,4210,27424,Unknown
energy-consumption-2012.pdf,/Users/birajgtm/Documents/GBC/AI/DL1/AskGeorge/clean_text/energy-consumption-2012.txt,150,1317,Unknown
Articles%20-%20Practice%202.pdf,/Users/birajgtm/Documents/GBC/AI/DL1/AskGeorge/clean_text/Articles%20-%20Practice%202.txt,1104,6484,Unknown
Passive%20Voice%20-%20BY%20phrase.pdf,/Users/birajgtm/Documents/GBC/AI/DL1/AskGeorge/clean_text/Passive%20Voice%20-%20BY%20phrase.txt,576,3040,Unknown
web-governance.pdf,/Users/birajgtm/Documents/GBC/AI/DL1/AskGeorge/clean_text/web-governance.txt,1722,11746,Unknown
Building-Connections-Community-Engagement-Award-Nomination-Form-2023.pdf,/Users/birajgtm/Documents/GBC/AI/DL1/AskGeorge/clean_text/Building-Connections-Community-Engagement-Award-Nomination-Form-2023.txt,441,3290,Unknown
wf4.pdf,/Users/birajgtm/Documents/GBC/AI/DL1/AskGeorge/clean_text/wf4.txt,0,0,Unknown
Collections-Management-Policy.pdf,/Users/birajgtm/Documents/GBC/AI/DL1/AskGeorge/clean_text/Collections-Management-Policy.txt,2471,16822,Unknown
Dual-Credit-College-Consent-Form-Online-Version-2020_0.pdf,/Users/birajgtm/Documents/GBC/AI/DL1/AskGeorge/clean_text/Dual-Credit-College-Consent-Form-Online-Version-2020_0.txt,462,3087,Unknown
bog_public_minutes_12sept12.pdf,/Users/birajgtm/Documents/GBC/AI/DL1/AskGeorge/clean_text/bog_public_minutes_12sept12.txt,1813,11642,Unknown
george_brown_annual_report_2009-2010.pdf,/Users/birajgtm/Documents/GBC/AI/DL1/AskGeorge/clean_text/george_brown_annual_report_2009-2010.txt,8402,54548,Unknown
george_brown_annual_report_2014-2015.pdf,/Users/birajgtm/Documents/GBC/AI/DL1/AskGeorge/clean_text/george_brown_annual_report_2014-2015.txt,6000,38378,Unknown
floor_2_193_king_st_e.pdf,/Users/birajgtm/Documents/GBC/AI/DL1/AskGeorge/clean_text/floor_2_193_king_st_e.txt,33,191,Unknown
wf0.pdf,/Users/birajgtm/Documents/GBC/AI/DL1/AskGeorge/clean_text/wf0.txt,0,0,Unknown
bike-map-waterfront-campus.pdf,/Users/birajgtm/Documents/GBC/AI/DL1/AskGeorge/clean_text/bike-map-waterfront-campus.txt,118,302,Unknown
Proofreading%20Techniques.pdf,/Users/birajgtm/Documents/GBC/AI/DL1/AskGeorge/clean_text/Proofreading%20Techniques.txt,372,3019,Unknown
sja.pdf,/Users/birajgtm/Documents/GBC/AI/DL1/AskGeorge/clean_text/sja.txt,2322,12120,Unknown
ss.pdf,/Users/birajgtm/Documents/GBC/AI/DL1/AskGeorge/clean_text/ss.txt,576,3867,Unknown
accessible-learning-services.pdf,/Users/birajgtm/Documents/GBC/AI/DL1/AskGeorge/clean_text/accessible-learning-services.txt,2992,22922,Unknown
Overview%20of%20Working%20with%20Quadratic%20Relations.pdf,/Users/birajgtm/Documents/GBC/AI/DL1/AskGeorge/clean_text/Overview%20of%20Working%20with%20Quadratic%20Relations.txt,198,1092,Unknown
Failed%20and%20Repeated%20Courses.pdf,/Users/birajgtm/Documents/GBC/AI/DL1/AskGeorge/clean_text/Failed%20and%20Repeated%20Courses.txt,259,1597,Unknown
gbc-green-meeting-guide.pdf,/Users/birajgtm/Documents/GBC/AI/DL1/AskGeorge/clean_text/gbc-green-meeting-guide.txt,451,2726,Unknown
energy-consumption-2017.pdf,/Users/birajgtm/Documents/GBC/AI/DL1/AskGeorge/clean_text/energy-consumption-2017.txt,159,1241,Unknown
bike-map-casa-loma-campus.pdf,/Users/birajgtm/Documents/GBC/AI/DL1/AskGeorge/clean_text/bike-map-casa-loma-campus.txt,441,1915,Unknown
residence-appeal-request.pdf,/Users/birajgtm/Documents/GBC/AI/DL1/AskGeorge/clean_text/residence-appeal-request.txt,1247,7936,Unknown
Updated-ALS-Registration-Form-fillable-June-2023.pdf,/Users/birajgtm/Documents/GBC/AI/DL1/AskGeorge/clean_text/Updated-ALS-Registration-Form-fillable-June-2023.txt,245,1848,Unknown
wf1.pdf,/Users/birajgtm/Documents/GBC/AI/DL1/AskGeorge/clean_text/wf1.txt,0,0,Unknown
healthy-campus-college-document.pdf,/Users/birajgtm/Documents/GBC/AI/DL1/AskGeorge/clean_text/healthy-campus-college-document.txt,10707,63878,Unknown
george-brown-college-annual-report-2017-2018.pdf,/Users/birajgtm/Documents/GBC/AI/DL1/AskGeorge/clean_text/george-brown-college-annual-report-2017-2018.txt,2647,17903,Unknown
annual_report_2011.pdf,/Users/birajgtm/Documents/GBC/AI/DL1/AskGeorge/clean_text/annual_report_2011.txt,2108,13611,Unknown
floor_4_341_king_st_e.pdf,/Users/birajgtm/Documents/GBC/AI/DL1/AskGeorge/clean_text/floor_4_341_king_st_e.txt,0,0,Unknown
bog_public_minutes_06june12.pdf,/Users/birajgtm/Documents/GBC/AI/DL1/AskGeorge/clean_text/bog_public_minutes_06june12.txt,2024,13151,Unknown
Participial%20adjectives%20-%20Practice.pdf,/Users/birajgtm/Documents/GBC/AI/DL1/AskGeorge/clean_text/Participial%20adjectives%20-%20Practice.txt,566,3526,Unknown
wf3.pdf,/Users/birajgtm/Documents/GBC/AI/DL1/AskGeorge/clean_text/wf3.txt,0,0,Unknown
Angles%20and%20Degree%20Measure.pdf,/Users/birajgtm/Documents/GBC/AI/DL1/AskGeorge/clean_text/Angles%20and%20Degree%20Measure.txt,353,1984,Unknown
Sexual-Violence-Awareness-one-pager-AODA.pdf,/Users/birajgtm/Documents/GBC/AI/DL1/AskGeorge/clean_text/Sexual-Violence-Awareness-one-pager-AODA.txt,598,4012,Unknown
energy-consumption-2015.pdf,/Users/birajgtm/Documents/GBC/AI/DL1/AskGeorge/clean_text/energy-consumption-2015.txt,140,1238,Unknown
wfparking12.pdf,/Users/birajgtm/Documents/GBC/AI/DL1/AskGeorge/clean_text/wfparking12.txt,0,0,Unknown
acknowledgement.pdf,/Users/birajgtm/Documents/GBC/AI/DL1/AskGeorge/clean_text/acknowledgement.txt,137,952,Unknown
GBC-Board-of-Governors-By-law-no.1.pdf,/Users/birajgtm/Documents/GBC/AI/DL1/AskGeorge/clean_text/GBC-Board-of-Governors-By-law-no.1.txt,8916,58628,Unknown
bog_public_minutes_15oct14.pdf,/Users/birajgtm/Documents/GBC/AI/DL1/AskGeorge/clean_text/bog_public_minutes_15oct14.txt,2073,13133,Unknown
Basic%20sentence%20structure.pdf,/Users/birajgtm/Documents/GBC/AI/DL1/AskGeorge/clean_text/Basic%20sentence%20structure.txt,394,2273,Unknown
DW_FAQs.pdf,/Users/birajgtm/Documents/GBC/AI/DL1/AskGeorge/clean_text/DW_FAQs.txt,1403,8555,Unknown
energy-consumption-2014.pdf,/Users/birajgtm/Documents/GBC/AI/DL1/AskGeorge/clean_text/energy-consumption-2014.txt,140,1238,Unknown
glossary_of_terms.pdf,/Users/birajgtm/Documents/GBC/AI/DL1/AskGeorge/clean_text/glossary_of_terms.txt,2968,19504,Unknown
Verb%20Tense-Reference%20Chart.pdf,/Users/birajgtm/Documents/GBC/AI/DL1/AskGeorge/clean_text/Verb%20Tense-Reference%20Chart.txt,1207,6729,Unknown
minutes_for_june_05_2013.pdf,/Users/birajgtm/Documents/GBC/AI/DL1/AskGeorge/clean_text/minutes_for_june_05_2013.txt,2112,13780,Unknown
copyright.pdf,/Users/birajgtm/Documents/GBC/AI/DL1/AskGeorge/clean_text/copyright.txt,11502,74437,Unknown
George%20Brown%20Cancellation-Withdrawal%20Request%20Form%20%282%29.pdf,/Users/birajgtm/Documents/GBC/AI/DL1/AskGeorge/clean_text/George%20Brown%20Cancellation-Withdrawal%20Request%20Form%20%282%29.txt,549,4309,Unknown
Essay%20Outline.pdf,/Users/birajgtm/Documents/GBC/AI/DL1/AskGeorge/clean_text/Essay%20Outline.txt,198,4330,Unknown
tcdsb-summer-swac-newsletter-2016.pdf,/Users/birajgtm/Documents/GBC/AI/DL1/AskGeorge/clean_text/tcdsb-summer-swac-newsletter-2016.txt,259,1638,Unknown
Anti-Racism_Strategy_Final-AODA%E2%80%94revised0307_0.pdf,/Users/birajgtm/Documents/GBC/AI/DL1/AskGeorge/clean_text/Anti-Racism_Strategy_Final-AODA%E2%80%94revised0307_0.txt,10480,72451,Unknown
wf2.pdf,/Users/birajgtm/Documents/GBC/AI/DL1/AskGeorge/clean_text/wf2.txt,0,0,Unknown
bog_public_minutes_14nov12.pdf,/Users/birajgtm/Documents/GBC/AI/DL1/AskGeorge/clean_text/bog_public_minutes_14nov12.txt,2321,14929,Unknown
Conversions%20between%20Different%20Systems%20of%20Measurement.pdf,/Users/birajgtm/Documents/GBC/AI/DL1/AskGeorge/clean_text/Conversions%20between%20Different%20Systems%20of%20Measurement.txt,1018,5473,Unknown
use-of-college-facilities-for-advocacy-purposes.pdf,/Users/birajgtm/Documents/GBC/AI/DL1/AskGeorge/clean_text/use-of-college-facilities-for-advocacy-purposes.txt,2912,19258,Unknown
access_program_guide.pdf,/Users/birajgtm/Documents/GBC/AI/DL1/AskGeorge/clean_text/access_program_guide.txt,2074,13129,Unknown
commitment.pdf,/Users/birajgtm/Documents/GBC/AI/DL1/AskGeorge/clean_text/commitment.txt,98,673,Unknown
Parts%20of%20speech.pdf,/Users/birajgtm/Documents/GBC/AI/DL1/AskGeorge/clean_text/Parts%20of%20speech.txt,520,3319,Unknown
george-brown-college-financial-statement-2015-2016.pdf,/Users/birajgtm/Documents/GBC/AI/DL1/AskGeorge/clean_text/george-brown-college-financial-statement-2015-2016.txt,8281,53775,Unknown
bog_public_minutes_17apr12.pdf,/Users/birajgtm/Documents/GBC/AI/DL1/AskGeorge/clean_text/bog_public_minutes_17apr12.txt,2372,14707,Unknown
bike-map-young-centre-for-performing-arts.pdf,/Users/birajgtm/Documents/GBC/AI/DL1/AskGeorge/clean_text/bike-map-young-centre-for-performing-arts.txt,19,119,Unknown
RyersonBlueSheet.pdf,/Users/birajgtm/Documents/GBC/AI/DL1/AskGeorge/clean_text/RyersonBlueSheet.txt,583,3872,Unknown
2014-aoda-status-report.pdf,/Users/birajgtm/Documents/GBC/AI/DL1/AskGeorge/clean_text/2014-aoda-status-report.txt,579,3812,Unknown
Editing%20-%20Practice.pdf,/Users/birajgtm/Documents/GBC/AI/DL1/AskGeorge/clean_text/Editing%20-%20Practice.txt,666,3515,Unknown
section-15.pdf,/Users/birajgtm/Documents/GBC/AI/DL1/AskGeorge/clean_text/section-15.txt,159,1044,Unknown
section-14.pdf,/Users/birajgtm/Documents/GBC/AI/DL1/AskGeorge/clean_text/section-14.txt,342,2303,Unknown
bog-public-minutes-april-8-2015.pdf,/Users/birajgtm/Documents/GBC/AI/DL1/AskGeorge/clean_text/bog-public-minutes-april-8-2015.txt,1799,11083,Unknown
george-brown-college-myaa-report-back-2009-10-final-mtcu.pdf,/Users/birajgtm/Documents/GBC/AI/DL1/AskGeorge/clean_text/george-brown-college-myaa-report-back-2009-10-final-mtcu.txt,10122,69829,Unknown
go.pdf,/Users/birajgtm/Documents/GBC/AI/DL1/AskGeorge/clean_text/go.txt,909,5946,Unknown
george-brown-college-2019-2020-business-plan.pdf,/Users/birajgtm/Documents/GBC/AI/DL1/AskGeorge/clean_text/george-brown-college-2019-2020-business-plan.txt,3246,22120,Unknown
clc_floor_1.pdf,/Users/birajgtm/Documents/GBC/AI/DL1/AskGeorge/clean_text/clc_floor_1.txt,353,1741,Unknown
bog_public_minutes_16apr13.pdf,/Users/birajgtm/Documents/GBC/AI/DL1/AskGeorge/clean_text/bog_public_minutes_16apr13.txt,2761,17174,Unknown
Unit%20Conversions%20for%20Nursing%20Math.pdf,/Users/birajgtm/Documents/GBC/AI/DL1/AskGeorge/clean_text/Unit%20Conversions%20for%20Nursing%20Math.txt,239,1090,Unknown
category%20index.pdf,/Users/birajgtm/Documents/GBC/AI/DL1/AskGeorge/clean_text/category%20index.txt,1173,10243,Unknown
scwi-newsletter-summer-2015.pdf,/Users/birajgtm/Documents/GBC/AI/DL1/AskGeorge/clean_text/scwi-newsletter-summer-2015.txt,1485,9479,Unknown
TLC-Student-Referral-Form_for_Faculty-English.pdf,/Users/birajgtm/Documents/GBC/AI/DL1/AskGeorge/clean_text/TLC-Student-Referral-Form_for_Faculty-English.txt,223,1727,Unknown
2012-2013_aoda_status_report.pdf,/Users/birajgtm/Documents/GBC/AI/DL1/AskGeorge/clean_text/2012-2013_aoda_status_report.txt,2504,16729,Unknown
2012-13-annual-financial-statement.pdf,/Users/birajgtm/Documents/GBC/AI/DL1/AskGeorge/clean_text/2012-13-annual-financial-statement.txt,10340,68723,Unknown
bog_public_minutes_february_14_2018.pdf,/Users/birajgtm/Documents/GBC/AI/DL1/AskGeorge/clean_text/bog_public_minutes_february_14_2018.txt,1719,10896,Unknown
george-brown-college-annual-report-2016-2017.pdf,/Users/birajgtm/Documents/GBC/AI/DL1/AskGeorge/clean_text/george-brown-college-annual-report-2016-2017.txt,2155,14508,Unknown
referrals-guide.pdf,/Users/birajgtm/Documents/GBC/AI/DL1/AskGeorge/clean_text/referrals-guide.txt,6123,40573,Unknown
Phrasal%20Verb%20Equivalents%20-%20reference.pdf,/Users/birajgtm/Documents/GBC/AI/DL1/AskGeorge/clean_text/Phrasal%20Verb%20Equivalents%20-%20reference.txt,239,1392,Unknown
green_purchasing_policy.pdf,/Users/birajgtm/Documents/GBC/AI/DL1/AskGeorge/clean_text/green_purchasing_policy.txt,1033,8345,Unknown
bog_public_minutes_15dec9.pdf,/Users/birajgtm/Documents/GBC/AI/DL1/AskGeorge/clean_text/bog_public_minutes_15dec9.txt,2782,17487,Unknown
appeals.pdf,/Users/birajgtm/Documents/GBC/AI/DL1/AskGeorge/clean_text/appeals.txt,4132,31366,Unknown
11%20Rules%20for%20Using%20Plurals.pdf,/Users/birajgtm/Documents/GBC/AI/DL1/AskGeorge/clean_text/11%20Rules%20for%20Using%20Plurals.txt,721,4090,Unknown
scholarship-application-form.pdf,/Users/birajgtm/Documents/GBC/AI/DL1/AskGeorge/clean_text/scholarship-application-form.txt,1182,7854,Unknown
healthy-campus-executive-summary.pdf,/Users/birajgtm/Documents/GBC/AI/DL1/AskGeorge/clean_text/healthy-campus-executive-summary.txt,1903,12758,Unknown
george-brown-college-financial-statement-2014-2015.pdf,/Users/birajgtm/Documents/GBC/AI/DL1/AskGeorge/clean_text/george-brown-college-financial-statement-2014-2015.txt,8538,54947,Unknown
main_floor_341_king_st_e.pdf,/Users/birajgtm/Documents/GBC/AI/DL1/AskGeorge/clean_text/main_floor_341_king_st_e.txt,3,19,Unknown
clc_floor_3.pdf,/Users/birajgtm/Documents/GBC/AI/DL1/AskGeorge/clean_text/clc_floor_3.txt,154,873,Unknown
bog_public_minutes_17jun7.pdf,/Users/birajgtm/Documents/GBC/AI/DL1/AskGeorge/clean_text/bog_public_minutes_17jun7.txt,2475,15846,Unknown
Distinguished-Faculty-Award-Form-AODA.pdf,/Users/birajgtm/Documents/GBC/AI/DL1/AskGeorge/clean_text/Distinguished-Faculty-Award-Form-AODA.txt,388,2952,Unknown
fi.pdf,/Users/birajgtm/Documents/GBC/AI/DL1/AskGeorge/clean_text/fi.txt,2128,14025,Unknown
bog_public_minutes_december12_2018.pdf,/Users/birajgtm/Documents/GBC/AI/DL1/AskGeorge/clean_text/bog_public_minutes_december12_2018.txt,971,6300,Unknown
cl-d-e.pdf,/Users/birajgtm/Documents/GBC/AI/DL1/AskGeorge/clean_text/cl-d-e.txt,0,6,Unknown
pr.pdf,/Users/birajgtm/Documents/GBC/AI/DL1/AskGeorge/clean_text/pr.txt,694,4645,Unknown
george_brown_college_foundation_fs_may_2014.pdf,/Users/birajgtm/Documents/GBC/AI/DL1/AskGeorge/clean_text/george_brown_college_foundation_fs_may_2014.txt,3562,24972,Unknown
emergency_evacuation_planning_and_procedures.pdf,/Users/birajgtm/Documents/GBC/AI/DL1/AskGeorge/clean_text/emergency_evacuation_planning_and_procedures.txt,19755,120091,Unknown
privacy.pdf,/Users/birajgtm/Documents/GBC/AI/DL1/AskGeorge/clean_text/privacy.txt,300,2074,Unknown
bog_public_minutes_december_13_2017.pdf,/Users/birajgtm/Documents/GBC/AI/DL1/AskGeorge/clean_text/bog_public_minutes_december_13_2017.txt,1630,10234,Unknown
clc_floor_2.pdf,/Users/birajgtm/Documents/GBC/AI/DL1/AskGeorge/clean_text/clc_floor_2.txt,160,910,Unknown
bicycle-registration-form.pdf,/Users/birajgtm/Documents/GBC/AI/DL1/AskGeorge/clean_text/bicycle-registration-form.txt,360,2193,Unknown
GBC_Cook_Apr_Brochure.pdf,/Users/birajgtm/Documents/GBC/AI/DL1/AskGeorge/clean_text/GBC_Cook_Apr_Brochure.txt,3197,20762,Unknown
Argumentative%20Essays.pdf,/Users/birajgtm/Documents/GBC/AI/DL1/AskGeorge/clean_text/Argumentative%20Essays.txt,1199,7155,Unknown
george_brown_annual_report_2008-2009.pdf,/Users/birajgtm/Documents/GBC/AI/DL1/AskGeorge/clean_text/george_brown_annual_report_2008-2009.txt,6727,42386,Unknown
student_awards.pdf,/Users/birajgtm/Documents/GBC/AI/DL1/AskGeorge/clean_text/student_awards.txt,1974,12785,Unknown
Introduction%20to%20Place%20Value.pdf,/Users/birajgtm/Documents/GBC/AI/DL1/AskGeorge/clean_text/Introduction%20to%20Place%20Value.txt,904,4529,Unknown
minutes_for_february_13_2013.pdf,/Users/birajgtm/Documents/GBC/AI/DL1/AskGeorge/clean_text/minutes_for_february_13_2013.txt,2251,14302,Unknown
PMT_Payment_Plans.pdf,/Users/birajgtm/Documents/GBC/AI/DL1/AskGeorge/clean_text/PMT_Payment_Plans.txt,1472,9339,Unknown
it.pdf,/Users/birajgtm/Documents/GBC/AI/DL1/AskGeorge/clean_text/it.txt,8619,60717,Unknown
employee_code_of_conduct_administrative_staff.pdf,/Users/birajgtm/Documents/GBC/AI/DL1/AskGeorge/clean_text/employee_code_of_conduct_administrative_staff.txt,1947,12669,Unknown
smoke-free.pdf,/Users/birajgtm/Documents/GBC/AI/DL1/AskGeorge/clean_text/smoke-free.txt,457,3024,Unknown
GBC-IES-Strategy-2022-v9-FINAL-AODA.pdf,/Users/birajgtm/Documents/GBC/AI/DL1/AskGeorge/clean_text/GBC-IES-Strategy-2022-v9-FINAL-AODA.txt,6412,43729,Unknown
section-12.pdf,/Users/birajgtm/Documents/GBC/AI/DL1/AskGeorge/clean_text/section-12.txt,184,1165,Unknown
Introductions%20Conclusions.pdf,/Users/birajgtm/Documents/GBC/AI/DL1/AskGeorge/clean_text/Introductions%20Conclusions.txt,210,1331,Unknown
george_brown_college_foundation_fs_march_2016.pdf,/Users/birajgtm/Documents/GBC/AI/DL1/AskGeorge/clean_text/george_brown_college_foundation_fs_march_2016.txt,3510,24322,Unknown
wf8.pdf,/Users/birajgtm/Documents/GBC/AI/DL1/AskGeorge/clean_text/wf8.txt,0,0,Unknown
next-generation-sample-questions-arithmetic%20%281%29.pdf,/Users/birajgtm/Documents/GBC/AI/DL1/AskGeorge/clean_text/next-generation-sample-questions-arithmetic%20%281%29.txt,3167,16056,Unknown
2018-reb-annual-report.pdf,/Users/birajgtm/Documents/GBC/AI/DL1/AskGeorge/clean_text/2018-reb-annual-report.txt,2567,17358,Unknown
Accessible%20Learning%20Services%20at%20George%20Brown%20College%20for%20Dual%20Credit%20Students%20June%202020.pdf,/Users/birajgtm/Documents/GBC/AI/DL1/AskGeorge/clean_text/Accessible%20Learning%20Services%20at%20George%20Brown%20College%20for%20Dual%20Credit%20Students%20June%202020.txt,240,1874,Unknown
2017-aoda-status-report.pdf,/Users/birajgtm/Documents/GBC/AI/DL1/AskGeorge/clean_text/2017-aoda-status-report.txt,2644,17912,Unknown
Essay%20Guide_TLC%20Use.pdf,/Users/birajgtm/Documents/GBC/AI/DL1/AskGeorge/clean_text/Essay%20Guide_TLC%20Use.txt,1272,7763,Unknown
School%20of%20Architectural%20Studies%20Staff%20List.pdf,/Users/birajgtm/Documents/GBC/AI/DL1/AskGeorge/clean_text/School%20of%20Architectural%20Studies%20Staff%20List.txt,110,984,Unknown
GBC-Take5forAccessibility-v2.pdf,/Users/birajgtm/Documents/GBC/AI/DL1/AskGeorge/clean_text/GBC-Take5forAccessibility-v2.txt,320,2264,Unknown
oslt_guide.pdf,/Users/birajgtm/Documents/GBC/AI/DL1/AskGeorge/clean_text/oslt_guide.txt,475,3376,Unknown
Exemplary-Service-Award-Nomination-Form-2023.pdf,/Users/birajgtm/Documents/GBC/AI/DL1/AskGeorge/clean_text/Exemplary-Service-Award-Nomination-Form-2023.txt,381,2820,Unknown
emergency-procedures-brochure.pdf,/Users/birajgtm/Documents/GBC/AI/DL1/AskGeorge/clean_text/emergency-procedures-brochure.txt,835,5686,Unknown
appendix-1.pdf,/Users/birajgtm/Documents/GBC/AI/DL1/AskGeorge/clean_text/appendix-1.txt,194,1281,Unknown
vulnerable-sector-check-policy.pdf,/Users/birajgtm/Documents/GBC/AI/DL1/AskGeorge/clean_text/vulnerable-sector-check-policy.txt,1095,6725,Unknown
Peer%20Review%20Checklist.pdf,/Users/birajgtm/Documents/GBC/AI/DL1/AskGeorge/clean_text/Peer%20Review%20Checklist.txt,535,4518,Unknown
Solving%20Math%20Word%20Problems.pdf,/Users/birajgtm/Documents/GBC/AI/DL1/AskGeorge/clean_text/Solving%20Math%20Word%20Problems.txt,1025,5767,Unknown
CL_MAP.pdf,/Users/birajgtm/Documents/GBC/AI/DL1/AskGeorge/clean_text/CL_MAP.txt,99,660,Unknown
bried_essential_skills_jan2012.pdf,/Users/birajgtm/Documents/GBC/AI/DL1/AskGeorge/clean_text/bried_essential_skills_jan2012.txt,986,6652,Unknown
Energy%20Consumption%20and%20Greenhouse%20Gas%20Emissions%20Reporting%20-%20for%202016.pdf,/Users/birajgtm/Documents/GBC/AI/DL1/AskGeorge/clean_text/Energy%20Consumption%20and%20Greenhouse%20Gas%20Emissions%20Reporting%20-%20for%202016.txt,160,1242,Unknown
clc_floor_5.pdf,/Users/birajgtm/Documents/GBC/AI/DL1/AskGeorge/clean_text/clc_floor_5.txt,391,1799,Unknown
gbc_college_consent_form.pdf,/Users/birajgtm/Documents/GBC/AI/DL1/AskGeorge/clean_text/gbc_college_consent_form.txt,456,3296,Unknown
mycredfaqs.pdf,/Users/birajgtm/Documents/GBC/AI/DL1/AskGeorge/clean_text/mycredfaqs.txt,2023,14406,Unknown
2014-2019-energy-cdm-plan.pdf,/Users/birajgtm/Documents/GBC/AI/DL1/AskGeorge/clean_text/2014-2019-energy-cdm-plan.txt,1228,8190,Unknown
Reference%20Angle.pdf,/Users/birajgtm/Documents/GBC/AI/DL1/AskGeorge/clean_text/Reference%20Angle.txt,298,1542,Unknown
section-10.pdf,/Users/birajgtm/Documents/GBC/AI/DL1/AskGeorge/clean_text/section-10.txt,46,326,Unknown
bog-public-minutes_dec-10-14.pdf,/Users/birajgtm/Documents/GBC/AI/DL1/AskGeorge/clean_text/bog-public-minutes_dec-10-14.txt,2370,14798,Unknown
section-11.pdf,/Users/birajgtm/Documents/GBC/AI/DL1/AskGeorge/clean_text/section-11.txt,371,2510,Unknown
program-statement-implementation-policy.pdf,/Users/birajgtm/Documents/GBC/AI/DL1/AskGeorge/clean_text/program-statement-implementation-policy.txt,221,1468,Unknown
clc_floor_4.pdf,/Users/birajgtm/Documents/GBC/AI/DL1/AskGeorge/clean_text/clc_floor_4.txt,158,848,Unknown
hr.pdf,/Users/birajgtm/Documents/GBC/AI/DL1/AskGeorge/clean_text/hr.txt,1914,12823,Unknown
ia.pdf,/Users/birajgtm/Documents/GBC/AI/DL1/AskGeorge/clean_text/ia.txt,639,4281,Unknown
academic-integrity-policy.pdf,/Users/birajgtm/Documents/GBC/AI/DL1/AskGeorge/clean_text/academic-integrity-policy.txt,3253,23014,Unknown
2011-12-annual-financial-statement.pdf,/Users/birajgtm/Documents/GBC/AI/DL1/AskGeorge/clean_text/2011-12-annual-financial-statement.txt,6285,43109,Unknown
minutes_for_october_02_2013.pdf,/Users/birajgtm/Documents/GBC/AI/DL1/AskGeorge/clean_text/minutes_for_october_02_2013.txt,2233,14543,Unknown
equity-statement-values-clear-language.pdf,/Users/birajgtm/Documents/GBC/AI/DL1/AskGeorge/clean_text/equity-statement-values-clear-language.txt,102,660,Unknown
Human-Rights-Discrimination-and-Harassment-Policy-AODA-2.pdf,/Users/birajgtm/Documents/GBC/AI/DL1/AskGeorge/clean_text/Human-Rights-Discrimination-and-Harassment-Policy-AODA-2.txt,6197,43715,Unknown
Solving%20Linear%20Equations%20in%20One%20Variable.pdf,/Users/birajgtm/Documents/GBC/AI/DL1/AskGeorge/clean_text/Solving%20Linear%20Equations%20in%20One%20Variable.txt,987,4406,Unknown
complaint-resolution-process.pdf,/Users/birajgtm/Documents/GBC/AI/DL1/AskGeorge/clean_text/complaint-resolution-process.txt,212,1427,Unknown
george-brown-college-2016-2017-business-plan.pdf,/Users/birajgtm/Documents/GBC/AI/DL1/AskGeorge/clean_text/george-brown-college-2016-2017-business-plan.txt,4055,27929,Unknown
the-george-channel-lineup.pdf,/Users/birajgtm/Documents/GBC/AI/DL1/AskGeorge/clean_text/the-george-channel-lineup.txt,133,740,Unknown
Common%20Factoring.pdf,/Users/birajgtm/Documents/GBC/AI/DL1/AskGeorge/clean_text/Common%20Factoring.txt,559,2975,Unknown
master-campus-plan.pdf,/Users/birajgtm/Documents/GBC/AI/DL1/AskGeorge/clean_text/master-campus-plan.txt,22222,147425,Unknown
field-trip-policy.pdf,/Users/birajgtm/Documents/GBC/AI/DL1/AskGeorge/clean_text/field-trip-policy.txt,2263,13126,Unknown
Adverbial%20Positions%20-%20Practice.pdf,/Users/birajgtm/Documents/GBC/AI/DL1/AskGeorge/clean_text/Adverbial%20Positions%20-%20Practice.txt,544,3079,Unknown
2016-reb-annual-report.pdf,/Users/birajgtm/Documents/GBC/AI/DL1/AskGeorge/clean_text/2016-reb-annual-report.txt,2292,15727,Unknown
bog_public_session_minutes_12oct11_final.pdf,/Users/birajgtm/Documents/GBC/AI/DL1/AskGeorge/clean_text/bog_public_session_minutes_12oct11_final.txt,2680,17024,Unknown
Preparation%20Guide%20for%20Accuplacer%20Quantitative%20Reasoning%2C%20Algebra%2C%20Statistics%20-June%202020.pdf,/Users/birajgtm/Documents/GBC/AI/DL1/AskGeorge/clean_text/Preparation%20Guide%20for%20Accuplacer%20Quantitative%20Reasoning%2C%20Algebra%2C%20Statistics%20-June%202020.txt,14637,90212,Unknown
Hooks%20and%20Attention%20Grabbers.pdf,/Users/birajgtm/Documents/GBC/AI/DL1/AskGeorge/clean_text/Hooks%20and%20Attention%20Grabbers.txt,914,5382,Unknown
bog_public_minutes_april10_2019.pdf,/Users/birajgtm/Documents/GBC/AI/DL1/AskGeorge/clean_text/bog_public_minutes_april10_2019.txt,1200,7680,Unknown
Ryerson%20Accommodated%20Tests%20Instructror%20Information.pdf,/Users/birajgtm/Documents/GBC/AI/DL1/AskGeorge/clean_text/Ryerson%20Accommodated%20Tests%20Instructror%20Information.txt,165,1079,Unknown
summer-swac-newsletter-2013.pdf,/Users/birajgtm/Documents/GBC/AI/DL1/AskGeorge/clean_text/summer-swac-newsletter-2013.txt,342,2171,Unknown
filed_aoda_report_2017.pdf,/Users/birajgtm/Documents/GBC/AI/DL1/AskGeorge/clean_text/filed_aoda_report_2017.txt,3539,22768,Unknown
annual_reb_report_2007.pdf,/Users/birajgtm/Documents/GBC/AI/DL1/AskGeorge/clean_text/annual_reb_report_2007.txt,2087,13688,Unknown
checklist.pdf,/Users/birajgtm/Documents/GBC/AI/DL1/AskGeorge/clean_text/checklist.txt,580,3772,Unknown
2011-2012.pdf,/Users/birajgtm/Documents/GBC/AI/DL1/AskGeorge/clean_text/2011-2012.txt,7516,48558,Unknown
2016-aoda-status-report.pdf,/Users/birajgtm/Documents/GBC/AI/DL1/AskGeorge/clean_text/2016-aoda-status-report.txt,1919,13070,Unknown
accessible-learning-intake-form.pdf,/Users/birajgtm/Documents/GBC/AI/DL1/AskGeorge/clean_text/accessible-learning-intake-form.txt,623,4509,Unknown
annual_business_report_2011.pdf,/Users/birajgtm/Documents/GBC/AI/DL1/AskGeorge/clean_text/annual_business_report_2011.txt,12698,63854,Unknown
section-9.pdf,/Users/birajgtm/Documents/GBC/AI/DL1/AskGeorge/clean_text/section-9.txt,131,864,Unknown
Common%20Prepositions.pdf,/Users/birajgtm/Documents/GBC/AI/DL1/AskGeorge/clean_text/Common%20Prepositions.txt,356,2040,Unknown
Relative%20Clauses%20reference.pdf,/Users/birajgtm/Documents/GBC/AI/DL1/AskGeorge/clean_text/Relative%20Clauses%20reference.txt,602,3414,Unknown
intellectual_property.pdf,/Users/birajgtm/Documents/GBC/AI/DL1/AskGeorge/clean_text/intellectual_property.txt,3647,24414,Unknown
employee_code_of_conduct_academic_staff.pdf,/Users/birajgtm/Documents/GBC/AI/DL1/AskGeorge/clean_text/employee_code_of_conduct_academic_staff.txt,3275,21092,Unknown
Thesis%20Statements%20-%20Practice.pdf,/Users/birajgtm/Documents/GBC/AI/DL1/AskGeorge/clean_text/Thesis%20Statements%20-%20Practice.txt,646,3821,Unknown
filed_aoda_report_2015.pdf,/Users/birajgtm/Documents/GBC/AI/DL1/AskGeorge/clean_text/filed_aoda_report_2015.txt,1080,7306,Unknown
Pauline-Shirt-Award-Nomination-Form-2023-AODA.pdf,/Users/birajgtm/Documents/GBC/AI/DL1/AskGeorge/clean_text/Pauline-Shirt-Award-Nomination-Form-2023-AODA.txt,448,3332,Unknown
How_to_Apply_for_Transfer_Credits.pdf,/Users/birajgtm/Documents/GBC/AI/DL1/AskGeorge/clean_text/How_to_Apply_for_Transfer_Credits.txt,4249,30729,Unknown
annual_reb_report_2010.pdf,/Users/birajgtm/Documents/GBC/AI/DL1/AskGeorge/clean_text/annual_reb_report_2010.txt,2122,13735,Unknown
scwi-newsletter-spring-2011.pdf,/Users/birajgtm/Documents/GBC/AI/DL1/AskGeorge/clean_text/scwi-newsletter-spring-2011.txt,53977,359702,Unknown
bog-public-minutes-april-11-2012.pdf,/Users/birajgtm/Documents/GBC/AI/DL1/AskGeorge/clean_text/bog-public-minutes-april-11-2012.txt,1697,10994,Unknown
Disruption__of_Academic_Progrmming_%20Policy_1.pdf,/Users/birajgtm/Documents/GBC/AI/DL1/AskGeorge/clean_text/Disruption__of_Academic_Progrmming_%20Policy_1.txt,1052,8260,Unknown
george-brown-college-financial-statement-2017-2018.pdf,/Users/birajgtm/Documents/GBC/AI/DL1/AskGeorge/clean_text/george-brown-college-financial-statement-2017-2018.txt,8882,59626,Unknown
section-8.pdf,/Users/birajgtm/Documents/GBC/AI/DL1/AskGeorge/clean_text/section-8.txt,259,1581,Unknown
George-Brown-College-Anti-Racism-Strategy.pdf,/Users/birajgtm/Documents/GBC/AI/DL1/AskGeorge/clean_text/George-Brown-College-Anti-Racism-Strategy.txt,1503,10288,Unknown
annual-financial-statement-2008-2009.pdf,/Users/birajgtm/Documents/GBC/AI/DL1/AskGeorge/clean_text/annual-financial-statement-2008-2009.txt,5652,38581,Unknown
creating_accessible_documents.pdf,/Users/birajgtm/Documents/GBC/AI/DL1/AskGeorge/clean_text/creating_accessible_documents.txt,9118,58123,Unknown
Quadratic%20Formula.pdf,/Users/birajgtm/Documents/GBC/AI/DL1/AskGeorge/clean_text/Quadratic%20Formula.txt,1052,5061,Unknown
reb_annual_report_2013.pdf,/Users/birajgtm/Documents/GBC/AI/DL1/AskGeorge/clean_text/reb_annual_report_2013.txt,2326,15551,Unknown
bp.pdf,/Users/birajgtm/Documents/GBC/AI/DL1/AskGeorge/clean_text/bp.txt,1005,6729,Unknown
bog_public_minutes_16oct12.pdf,/Users/birajgtm/Documents/GBC/AI/DL1/AskGeorge/clean_text/bog_public_minutes_16oct12.txt,2025,12476,Unknown
College_Council_Historical_Overview.pdf,/Users/birajgtm/Documents/GBC/AI/DL1/AskGeorge/clean_text/College_Council_Historical_Overview.txt,581,4034,Unknown
scwi-newsletter-2019.pdf,/Users/birajgtm/Documents/GBC/AI/DL1/AskGeorge/clean_text/scwi-newsletter-2019.txt,1031,6863,Unknown
FoodandDrinkPolicies.pdf,/Users/birajgtm/Documents/GBC/AI/DL1/AskGeorge/clean_text/FoodandDrinkPolicies.txt,217,1343,Unknown
scwi-newsletter-2018.pdf,/Users/birajgtm/Documents/GBC/AI/DL1/AskGeorge/clean_text/scwi-newsletter-2018.txt,1182,7849,Unknown
locker_theft.pdf,/Users/birajgtm/Documents/GBC/AI/DL1/AskGeorge/clean_text/locker_theft.txt,230,1428,Unknown
Anti-Black%20Racism%20Primer1.pdf,/Users/birajgtm/Documents/GBC/AI/DL1/AskGeorge/clean_text/Anti-Black%20Racism%20Primer1.txt,496,3309,Unknown
Drug%20Dosage%20Calculations.pdf,/Users/birajgtm/Documents/GBC/AI/DL1/AskGeorge/clean_text/Drug%20Dosage%20Calculations.txt,743,4086,Unknown
filed_aoda_report_2010.pdf,/Users/birajgtm/Documents/GBC/AI/DL1/AskGeorge/clean_text/filed_aoda_report_2010.txt,662,4153,Unknown
bog_public_minutes_april_11_2018.pdf,/Users/birajgtm/Documents/GBC/AI/DL1/AskGeorge/clean_text/bog_public_minutes_april_11_2018.txt,2569,16203,Unknown
reb_annual_report_2012.pdf,/Users/birajgtm/Documents/GBC/AI/DL1/AskGeorge/clean_text/reb_annual_report_2012.txt,2348,15069,Unknown
PMT_Refunds_Guide.pdf,/Users/birajgtm/Documents/GBC/AI/DL1/AskGeorge/clean_text/PMT_Refunds_Guide.txt,1400,9143,Unknown
barbara_rhomberg.pdf,/Users/birajgtm/Documents/GBC/AI/DL1/AskGeorge/clean_text/barbara_rhomberg.txt,1021,8701,Unknown
Proofreading%20for%20verbs%20-%20practice.pdf,/Users/birajgtm/Documents/GBC/AI/DL1/AskGeorge/clean_text/Proofreading%20for%20verbs%20-%20practice.txt,800,4330,Unknown
bog_public_minutes_17feb8.pdf,/Users/birajgtm/Documents/GBC/AI/DL1/AskGeorge/clean_text/bog_public_minutes_17feb8.txt,2804,17643,Unknown
school-of-design-investment-catologue.pdf,/Users/birajgtm/Documents/GBC/AI/DL1/AskGeorge/clean_text/school-of-design-investment-catologue.txt,2931,17417,Unknown
2018-aoda-status-report.pdf,/Users/birajgtm/Documents/GBC/AI/DL1/AskGeorge/clean_text/2018-aoda-status-report.txt,4018,29397,Unknown
bog-public-minutes-october-8-2014.pdf,/Users/birajgtm/Documents/GBC/AI/DL1/AskGeorge/clean_text/bog-public-minutes-october-8-2014.txt,1608,9998,Unknown
student_reg_guide.pdf,/Users/birajgtm/Documents/GBC/AI/DL1/AskGeorge/clean_text/student_reg_guide.txt,7046,49442,Unknown
articulation-agreement-policy.pdf,/Users/birajgtm/Documents/GBC/AI/DL1/AskGeorge/clean_text/articulation-agreement-policy.txt,5772,42266,Unknown
George%20Brown%20College%20Announces%20Major%20Joint%20Acquisition%20of%2025%20Dockside%20Dr.pdf,/Users/birajgtm/Documents/GBC/AI/DL1/AskGeorge/clean_text/George%20Brown%20College%20Announces%20Major%20Joint%20Acquisition%20of%2025%20Dockside%20Dr.txt,886,5955,Unknown
Foundation%20Statement%20of%20Financial%20Position%20as%20of%20March%2031%2C%202019.pdf,/Users/birajgtm/Documents/GBC/AI/DL1/AskGeorge/clean_text/Foundation%20Statement%20of%20Financial%20Position%20as%20of%20March%2031%2C%202019.txt,4186,27827,Unknown
capp_terminology.pdf,/Users/birajgtm/Documents/GBC/AI/DL1/AskGeorge/clean_text/capp_terminology.txt,1249,7955,Unknown
report.pdf,/Users/birajgtm/Documents/GBC/AI/DL1/AskGeorge/clean_text/report.txt,11628,78474,Unknown
Converting_Between_Percentages_and_Decimals.pdf,/Users/birajgtm/Documents/GBC/AI/DL1/AskGeorge/clean_text/Converting_Between_Percentages_and_Decimals.txt,730,3056,Unknown
Passive%20Voice%20-%20Practice.pdf,/Users/birajgtm/Documents/GBC/AI/DL1/AskGeorge/clean_text/Passive%20Voice%20-%20Practice.txt,343,1699,Unknown
Change-Maker-Nomination-Form-2023-AODA.pdf,/Users/birajgtm/Documents/GBC/AI/DL1/AskGeorge/clean_text/Change-Maker-Nomination-Form-2023-AODA.txt,388,2791,Unknown
The-William-Peyton-Hubbard-Award-2023-AODA.pdf,/Users/birajgtm/Documents/GBC/AI/DL1/AskGeorge/clean_text/The-William-Peyton-Hubbard-Award-2023-AODA.txt,509,3734,Unknown
Solving%20Systems%20of%20Linear%20Equations%20-%20Substitution.pdf,/Users/birajgtm/Documents/GBC/AI/DL1/AskGeorge/clean_text/Solving%20Systems%20of%20Linear%20Equations%20-%20Substitution.txt,1068,5283,Unknown
child-abuse-policy.pdf,/Users/birajgtm/Documents/GBC/AI/DL1/AskGeorge/clean_text/child-abuse-policy.txt,3053,19035,Unknown
Solving%20Linear%20Systems%20of%20Equations%20-%20Elimination.pdf,/Users/birajgtm/Documents/GBC/AI/DL1/AskGeorge/clean_text/Solving%20Linear%20Systems%20of%20Equations%20-%20Elimination.txt,1284,5945,Unknown
BoG_Public%20Minutes_11-Feb-15.pdf,/Users/birajgtm/Documents/GBC/AI/DL1/AskGeorge/clean_text/BoG_Public%20Minutes_11-Feb-15.txt,1357,8685,Unknown
george-brown-college-myaa-report-back-2008-09-final-mtcu.pdf,/Users/birajgtm/Documents/GBC/AI/DL1/AskGeorge/clean_text/george-brown-college-myaa-report-back-2008-09-final-mtcu.txt,5759,39173,Unknown
Revising%20and%20Proofreading%20Checklist.pdf,/Users/birajgtm/Documents/GBC/AI/DL1/AskGeorge/clean_text/Revising%20and%20Proofreading%20Checklist.txt,773,4470,Unknown
filed_aoda_report_2013.pdf,/Users/birajgtm/Documents/GBC/AI/DL1/AskGeorge/clean_text/filed_aoda_report_2013.txt,1031,7776,Unknown
employee_code_of_conduct_support_staff.pdf,/Users/birajgtm/Documents/GBC/AI/DL1/AskGeorge/clean_text/employee_code_of_conduct_support_staff.txt,1869,12193,Unknown
Duties_of_College_Council_Members.pdf,/Users/birajgtm/Documents/GBC/AI/DL1/AskGeorge/clean_text/Duties_of_College_Council_Members.txt,604,4045,Unknown
bog_public_minutes_february13_2019.pdf,/Users/birajgtm/Documents/GBC/AI/DL1/AskGeorge/clean_text/bog_public_minutes_february13_2019.txt,1204,7777,Unknown
Adjective%20Clauses%20-%20Practice.pdf,/Users/birajgtm/Documents/GBC/AI/DL1/AskGeorge/clean_text/Adjective%20Clauses%20-%20Practice.txt,528,3216,Unknown
2015-aoda-status-report.pdf,/Users/birajgtm/Documents/GBC/AI/DL1/AskGeorge/clean_text/2015-aoda-status-report.txt,784,5167,Unknown
List%20of%20Unit%20Conversions.pdf,/Users/birajgtm/Documents/GBC/AI/DL1/AskGeorge/clean_text/List%20of%20Unit%20Conversions.txt,333,1569,Unknown
Gerunds%20and%20infinitives%20Following%20Verbs.pdf,/Users/birajgtm/Documents/GBC/AI/DL1/AskGeorge/clean_text/Gerunds%20and%20infinitives%20Following%20Verbs.txt,295,1818,Unknown
bog-public-minutes-december-14-2011.pdf,/Users/birajgtm/Documents/GBC/AI/DL1/AskGeorge/clean_text/bog-public-minutes-december-14-2011.txt,1936,12391,Unknown
Foundation%20Statement%20of%20financial%20position%20as%20of%20March%2031%2C%202018.pdf,/Users/birajgtm/Documents/GBC/AI/DL1/AskGeorge/clean_text/Foundation%20Statement%20of%20financial%20position%20as%20of%20March%2031%2C%202018.txt,3640,24651,Unknown
multi-year-accountability-report-back.pdf,/Users/birajgtm/Documents/GBC/AI/DL1/AskGeorge/clean_text/multi-year-accountability-report-back.txt,2760,18853,Unknown
ontario_colleges_esl_program_articulation_agreement.pdf,/Users/birajgtm/Documents/GBC/AI/DL1/AskGeorge/clean_text/ontario_colleges_esl_program_articulation_agreement.txt,233,1461,Unknown
